{"cameraMode":{"drawMode":0,"name":"Shaded","section":"Shading Mode"},"sceneLighting":false,"audioPlay":false,"sceneViewState":{"m_AlwaysRefresh":false,"showFog":true,"showSkybox":false,"showFlares":true,"showImageEffects":true,"showParticleSystems":true,"showVisualEffectGraphs":true,"m_FxEnabled":true},"in2DMode":false,"pivot":{"x":1434.436767578125,"y":533.6599731445313,"z":185.58990478515626},"rotation":{"x":0.0032415161840617658,"y":0.9538501501083374,"z":-0.3000940978527069,"w":0.010302669368684292},"size":962.3312377929688,"orthographic":false}