{"cameraMode":{"drawMode":0,"name":"Shaded","section":"Shading Mode"},"sceneLighting":true,"audioPlay":false,"sceneViewState":{"m_AlwaysRefresh":false,"showFog":true,"showSkybox":true,"showFlares":true,"showImageEffects":true,"showParticleSystems":true,"showVisualEffectGraphs":true,"m_FxEnabled":true},"in2DMode":false,"pivot":{"x":-8.658977508544922,"y":3.9332635402679445,"z":6.875821590423584},"rotation":{"x":0.0807245522737503,"y":0.5408943295478821,"z":-0.052252378314733508,"w":0.8355793356895447},"size":1.2247449159622193,"orthographic":false}