{"cameraMode":{"drawMode":0,"name":"Shaded","section":"Shading Mode"},"sceneLighting":true,"audioPlay":false,"sceneViewState":{"m_AlwaysRefresh":false,"showFog":true,"showSkybox":true,"showFlares":true,"showImageEffects":true,"showParticleSystems":true,"showVisualEffectGraphs":true,"m_FxEnabled":true},"in2DMode":false,"pivot":{"x":471.1011047363281,"y":-22.850549697875978,"z":564.3763427734375},"rotation":{"x":0.08788154274225235,"y":0.8955352902412415,"z":-0.20381765067577363,"w":0.38581350445747378},"size":147.89146423339845,"orthographic":false}