{"cameraMode":{"drawMode":0,"name":"Shaded","section":"Shading Mode"},"sceneLighting":true,"audioPlay":false,"sceneViewState":{"m_AlwaysRefresh":false,"showFog":true,"showSkybox":true,"showFlares":true,"showImageEffects":true,"showParticleSystems":true,"showVisualEffectGraphs":true,"m_FxEnabled":true},"in2DMode":false,"pivot":{"x":2.245570421218872,"y":1.5562758445739747,"z":-12.645365715026856},"rotation":{"x":-0.006945617031306028,"y":0.9929586052894592,"z":-0.08992206305265427,"w":-0.07731153815984726},"size":0.8999800086021423,"orthographic":false}